ID,Name,Email,Address,Password,isManager
1c17749b-a1bb-4649-9820-7866ec06b3db,Ahmad Abbas,ahmad@test.net,Tulkarem,123456,False
7b51c4fc-6cf5-4028-9e02-f48f23042212,Chelsea Gonzales,daniel59@example.org,7073 Kimb,4qnwe1Ntw$,0
9b8887ca-9df2-40b3-a82d-a2d38e9805eb,Michael Arnold,ralph97@example.net,044 Chloe,)1P@TQZjkD,0
ed41676a-b511-4a56-b548-a998b92382d5,Brian Sandoval,arush@example.com,"SC 3596, ",WyY6wGW*g(,0
96a9064f-85dd-4375-ae03-201270248650,Nathaniel Long,johnsontracy@example.org,706 Derri,6ql(9Ane#J,0
ca020204-9948-4763-9971-f7a6619bb5d0,Aaron Dunn,alexis22@example.org,28 Hodges,#9f&*eCOHh,0
16d918f4-40a8-48d7-bee9-b60dcbce287c,Cheryl Tucker,baileywilson@example.com,22 Mark P,b@8rIko*^Z,0
9ae57cfb-afe7-4d99-8bbd-d8fb143dbff1,Cynthia Gonzales,gerald02@example.org,609 Benne,*_J16GCnk6,0
fda1d2f9-6790-4857-8962-f726a3b78f9a,Joseph Williams,qburns@example.net,85 Wilson,9ANf5yrr@8,0
07fe9abe-30bd-4307-abc2-95fdf65a42fb,Erik Fox,yrivera@example.com,607 Donna,V#9DEv)wEe,0
f6219424-bb16-4ec3-a67e-f2f2bf0142b8,Jeremy Walton,ronald14@example.org,275 Davis,_MO&q1Cfi3,0
70d10a16-7eda-4361-ab65-5e2b56cc686d,Donald Benton,heathdaniel@example.com,94 Morgan,%*Z07+NqA^,0
3e4269f1-9eee-41da-bb51-6006520cfe32,Ashley Wilson,anthony82@example.net,896 Diaz ,k+0NynpuL_,0
d076b3da-0e9f-4776-a8cf-3ba5db7a73b9,Shannon Howard,michael86@example.net,970 Foste,3e5yUwoFl%,0
df88397c-70d9-434d-8308-d1366dc88364,Stephanie Thornton,cruzrobert@example.com,15 Rivera,+s!&5Llq27,0
c0b6c46c-9203-4570-bd34-7c6f01af26f5,Sherri Roberts,kanemegan@example.net,491 Renee,)_Oy8Yi9n7,0
40fab4d8-f4ee-4c5a-8ed7-fd21fa0b1d0c,Tamara Lee,gmartinez@example.com,6930 Pame,6t(C7^Ka4@,0
aba899ca-f0da-4194-a878-e5f54b564926,Sarah Anderson,davispatrick@example.net,5334 Mela,fYc4+QDrl!,0
d2a6b441-74c1-46f7-a8f2-af5dc01f0364,Karen Hamilton,wallacethomas@example.com,67 West S,El*0TgVxhj,0
71206ca1-8df0-42b4-852f-54087fe6e05e,Michael Gillespie,smitchell@example.net,604 Johns,@11OHcRg^c,0
9e264aac-7309-4aaa-a9ea-d182d0d7b36d,Jennifer Smith,david39@example.net,nit 5119 ,@0jRGw%y)*,0
2240f84a-967c-4200-9cd4-9ab008845782,Amanda Bell,kimjon@example.com,73 Gomez ,%&TP9CUrlR,0
c1008f90-3a9d-4efa-8cc9-cc31ac71e9f8,Justin Silva,jessicaperez@example.com,3646 Knig,B0s1Hw!jA!,0
8cd67741-ec66-4b3d-8ebc-d5e6d4eb83c4,Michelle Johnson,smithrita@example.org,525 Grego,@ODRDsVCp3,0
b95d7b11-61aa-4d4f-980c-5ae6844415b1,Michael Mayo,stephaniemoody@example.com,18 Joseph,FiH$KLnh#0,0
1830968d-1a7d-4cf4-b3bc-432aa47b05c8,Justin Reed,robin57@example.net,372 Garci,HlH(qKDh&2,0
43e09fd1-4889-41e7-868c-35b18a043a2f,Patricia Weber,bobbyreynolds@example.net,nit 1913 ,%@e3^SzG#H,0
ef469049-d851-4a52-8370-0ecd2605f21e,Kelly Davis,carmen55@example.net,56 Lorett,)6Cjrh45*G,0
35ad47c4-62a5-4f80-a22b-6779fe89e0d2,Tyler Mora,stephaniejacobs@example.net,"SC 1141, ",N^MbK(HR#1,0
3018193c-35fc-4161-87af-b441fc49492c,Linda Adams,mooreray@example.net,85 Blevin,c)65xPcZ(s,0
8a877d2f-6db7-4a2e-8934-70ffcd4accc0,Bryan White,leonardalicia@example.net,8980 Carp,)G7xImQk5u,0
e3673f9e-8e58-49e1-ac93-0235570a366c,Steven Floyd,alexa42@example.net,0322 Rebe,58^6Vr)Eh6,0
09c30068-7e85-46cf-b1cf-a7a932c93824,Matthew Garcia,ajohnson@example.com,58 Mcinto,&0d0UiBg)G,0
5b5a8a8d-52ba-4658-b8bf-5f0d7d947652,Craig Smith,sreid@example.net,13 Watson,*lsABPv#12,0
70da65f4-28f9-447d-a4c1-c97fac4ba9bd,Margaret Simpson,jeffrey48@example.net,7990 Esco,o5Ek0L2y_P,0
bb432e55-e86d-450d-9d4a-c7fc38bfc2ab,Yvonne Johnson,angela47@example.org,36 Greer ,aq3YwJ6Y@V,0
8c872006-23b7-4a1d-8998-b25ec6514d5b,Michael Jordan,jacquelinesanchez@example.net,479 Keith,)8Pp5B+gT$,0
33d54214-d2e8-4c8e-82b6-035c768652d3,Samantha Woods,zhouse@example.org,49 Megan ,v)4MV7cn)r,0
9912d5e5-ba15-4189-a03b-442a3c773416,Vicki Coleman,timothy65@example.com,SCGC Mill,0^1d+vOq$Q,0
8e6c20c2-c14e-4130-9356-d3e293166fcc,Bradley Ford,patrickburton@example.com,13 Emily ,_N@6AeT6+l,0
2d139aa3-b691-4b9d-88fa-e97a695dd76f,Ashley Gibson,xnolan@example.org,16 Ryan J,*mUxhQ9R$3,0
34f7d531-7b8a-4aee-8155-03d2d6b02a79,Mrs. Mariah Smith,marc75@example.org,293 Elija,+02WZexR$x,0
3cf0d390-3c58-4560-ae59-b7eecf9f55a5,Richard Rogers,jonespatricia@example.com,530 Frost,Q+1MomDxfu,0
d8267ae5-6500-43b4-ab00-14b13b3c2c18,Johnny Harmon,madeline77@example.net,"SC 4383, ",^%_z6ZC2mt,0
09ff4c28-47c8-4c1d-a3fa-11a085499530,Dominique Garcia,kristinscott@example.org,85 Fisher,#wFhNp*O4W,0
9e9cf3db-8875-4d79-890e-d163afbc41c8,Natalie Johnson,mercerpaul@example.net,84 Foley ,s&0$1Keo8U,0
16148376-434c-457f-a4c7-599f99818bf9,Marcus Camacho,vmartinez@example.com,7871 Stac,d4G)gJdg(Q,0
68ca8c6a-7ca0-4077-b8c8-47230dbc2cf6,Danielle Martinez,hailey35@example.com,267 Saman,#n9RpX8gUl,0
1283987a-e5b5-4203-a05a-57e62e3cc247,Katherine Key,rodriguezbrian@example.com,SNS Mille,$+5IXrrAN@,0
941acab3-17ef-4e9a-8977-55371f4a0da5,Mario Davis,qmartin@example.net,82 Myers ,@2O0GAhJ$c,0
7e7694b3-d8f0-496f-a5bc-b4239b566fcb,Isaac Ayers,shafferalan@example.net,33 Stephe,&*p3I^xF^S,0
4b03dcc2-185f-412a-9a86-0ef765790934,Mr. Larry Roberts,craig22@example.org,72 Christ,(5GSLNdDVa,0
34e88bba-fbe7-409f-a62b-feb4d33ccbad,Kenneth Morales,annecrawford@example.net,nit 4761 ,71tFwil9$G,0
13e259cf-3a35-4c4a-8aac-5719d99d1ef5,Stephen Duncan,eramirez@example.com,19 Cole L,P*3ZM5oJ2c,0
620847af-1df1-4b9f-9d77-7fb802a75f65,Raymond Ford,andrew95@example.org,74 Friedm,dtH4Bzfoe),0
c8ee9306-ef57-4ee2-b12c-9f70c5842969,Tanya Johnson,rachael99@example.org,8311 Kend,DwSMG@Uq(3,0
875343fd-df5a-45f0-bc18-61fc6da8da29,Diana Weaver,julie31@example.org,06 Sherry,9S2rYwks#7,0
82a90a6a-edfb-4e02-be54-43c7de5e8f17,Laura Sparks,kmoreno@example.org,9112 Spen,*w&Xsf(kb1,0
29f88dee-9dad-48d3-9292-fb0cf246339c,Matthew Russo,michaelnelson@example.net,SS Rivera,#(1ifKwf*h,0
5f79cf46-10f4-4cdc-bc19-36b3f27284dd,Judith Bond,jenniferhouse@example.org,0821 Snyd,PoE31DwbA),0
3cbdde14-4021-44c0-8371-03fd2a13ca72,Martin Richardson,karenvasquez@example.net,2247 Thom,_XBr3t+gp4,0
fe14f213-8196-4d99-bcd7-a540599fbda3,Ryan Reese,kyle12@example.net,717 Paul ,yknQ2X^x+0,0
61dc97c2-dfc9-45b9-acbb-d8bfd48c438a,Lauren Avila,gregory56@example.org,9670 Maxw,)$8PeEphZp,0
0b5f4a5e-dbf2-4f0f-a48a-69d1175d10a3,Charles Robinson,glassbruce@example.org,92 Anthon,&#m)5JRoZX,0
2a717d98-e955-4eba-937f-2b038d3fd045,Rebecca Hogan,smartinez@example.com,42 Ryan C,*NKi1tpa20,0
95809329-14c2-49e3-9d1c-6778e993452c,George Rose,ryansilva@example.org,000 Brown,$dVA@srsk6,0
446e07b2-8a31-4c82-8a46-5c9b234ceba7,Joshua Boyd,shawnschultz@example.net,SNS Brown,j10IXFu)(#,0
925582af-7ee4-471d-a882-23d718bd0894,Karen Green,rose45@example.org,9286 Coli,^6XF4Ql!z9,0
7244d7c1-90e8-4c15-91ff-39618c3ea4e0,Brandon Reed,debrajordan@example.org,418 Sheph,_oRBN2h6H7,0
f7882787-bfb7-4d94-9cfb-63406ea97e7b,Tammy Day,pricekeith@example.net,263 Georg,!cuKHLktL2,0
756ad616-c424-4343-8e26-c91330a28160,Jeremy Roach,henryedward@example.net,50 White ,H^1BS9xgg$,0
8c608493-f77f-4be4-bccf-31b867488f90,Paul Flores,daviskaren@example.net,5412 Jone,Y8U@VLHl)4,0
d23015f8-f82b-4e22-a57c-1154ad5e1578,Amy Conrad,paul47@example.net,432 Cook ,2osZm4d7_4,0
6c871678-5421-41b9-89fc-c5ba6dd6b1c6,Kathleen Wang,timothy99@example.net,48 Nathan,x!9$!De%+z,0
119ef9c3-ee0d-4df2-8954-93f6c40001ad,Clinton Jones,moorekeith@example.com,4544 Gina,9FR9Xaam%d,0
e975558d-befa-4cb5-ae28-5bb7de0cf42d,Stacy Chang,pjones@example.org,nit 0060 ,%MjTFjv7a1,0
a5d0a5cc-b14f-43f4-91b2-23e2ef9be6a5,Chad Smith,sandra22@example.com,40 Lance ,Zb+1#QsN$E,0
9c512fe9-d395-4df2-b54b-c8c8b08734c9,Gail Jackson,johnnyhammond@example.net,379 Roth ,+0h1NFrpm&,0
8ac92763-2d10-4938-b082-55033c9e88d5,Krystal Horn,aaron89@example.org,SNV Smith,)gT7WBi6Z1,0
bb7fae86-d003-429f-8f99-72b0a14684e0,Tracie Taylor,zwilson@example.com,82 Stacey,0_Bv!tb6*Y,0
76522aea-1499-4441-a380-12b9eb9fe290,Hannah Campbell,nathanmoore@example.org,548 Melis,%z$gQ5Eq+1,0
2552e80d-6b16-4008-925f-a70b054fadc4,Wesley Burns,barnesannette@example.com,68 Charle,%v3vR_p&3s,0
c8e56b5f-6c3d-4d1a-9b7b-af9d089d93ff,Sydney Peck,robertwilliams@example.org,3521 Levi,&1UWK!)dEa,0
7ae17dfd-de68-4cc4-b5d5-646ee8a5e4f9,Christopher Wilson,kylenichols@example.org,42 Kevin ,#+vA23GyW6,0
b796cd9e-c0e9-4fa9-9531-9310a49c3270,Vernon Jackson,mary99@example.com,9186 Andr,&Bj55Ucne0,0
0f3fd27b-2872-40ea-96b9-40eebeea49ea,Theresa Harding,briggsmichael@example.net,7824 Cody,x*3rIuBg*R,0
3d2423de-eeba-4472-af2a-153099d1840a,Sean Johnson,ibradford@example.com,027 Gambl,+9+SS(Tw*Z,0
1c782cc7-a6e9-42cf-be52-100a2e451b0d,Bryan Martin,william00@example.org,697 Murph,Pm!6Yv+y+%,0
92989d6a-d50b-4014-98f4-185d237e78e5,Kayla Perry,gloriamcclain@example.org,"SC 6122, ",^WvCnEggR0,0
1c641254-315f-4800-ac6e-c1743db6bdf3,James Beck,anthony22@example.com,590 Susan,#_(By3O6Yc,0
c26d4448-635c-4f4c-a70a-f4186736ac33,Brittany Petersen,christopherfischer@example.com,22 Lauren,(W_6UjJz00,0
a7ad4b40-65e5-4f79-a7ad-66417833d240,Aaron Smith,sharpdenise@example.com,37 Amber ,!3ZD2Qqf4*,0
e35aea0e-9b87-4198-b1ff-29e0c7757537,Laura Livingston,fullerchelsea@example.org,5149 Eric,0+t0G8b__u,0
5995410d-b697-4166-af7d-905c3bd89340,Sabrina Garcia,adam97@example.com,325 Melis,jH0*1Y8zS8,0
7ca4de12-304d-4577-9f2b-52ad32950a01,Eric Brown,jessicabowen@example.com,76 Willia,+RYF_Yai3s,0
a9b6f699-fbf3-42a6-84c2-4cef4e71d619,Adam Ramirez,doris77@example.org,1561 Grah,(7H9Lwg#j4,0
18a43893-93b0-48fc-9128-95d4e6d27c31,Sharon Phelps,beckerlorraine@example.com,710 Simmo,ZL5EE2!y#X,0
350c9fb9-d55a-45d1-8cc6-5f8571208222,Darren Willis,sharon86@example.org,47 Burges,hM5Ej5Lxu%,0
f65bf238-8129-476f-a1ff-6ef898f90a83,Vincent Murphy,andrewharper@example.net,6464 Free,9tTOuOOf@9,0
58f11638-d724-4397-8e57-ecc0f1d34405,Travis Morse,qfrye@example.com,439 Thoma,$CNnFK7hl5,0
6460833b-7bdd-4603-8159-94fecdde519b,Karen Ford,olsonsharon@example.net,290 Ronal,!0E^(2Brul,0
ca376571-efad-4e0d-b277-3dc56993db0b,Michael Robinson,tracietaylor@example.org,"SC 5311, ",O!8UKUazKw,0
3824a44a-3705-4fda-a664-6a492bb42c22,Paul Chavez,briannaperez@example.net,2606 Jame,UiB94TSJL*,0
1fe873f2-e0a0-44e2-a3fa-02977a864b11,Caroline Johnson,rodney87@example.org,4643 Mcne,3sih7JXm%0,0
382a2557-8464-47bb-a52b-1bbf7490fcef,John White,benjaminberg@example.org,5571 Agui,%SZM3UkbIs,0
acda3c8a-199d-4506-8d65-b1ab70e6dae1,William Walker,rachelpeterson@example.com,SCGC Wrig,vc9DkKSo_7,0
f637d860-e941-4e63-bf74-2dceca91a47c,Gabrielle Colon,sbarrett@example.net,7775 Hick,u!058#Ro@k,0
e2c6b2cc-111d-4fcb-abef-d30923f8d05b,Stacey Charles,monicanguyen@example.net,7195 Noah,OD7PPqYq*+,0
ad81493d-b82f-44be-86df-51247659d385,Heather Lee,meganchang@example.com,998 Luke ,R6I9Aus1_*,0
f4c43fa9-53e7-4049-9a21-f841090d4978,Adam Glenn,tcohen@example.org,9720 Chri,xr8C$0d+Z@,0
904a61bf-4447-40da-b5b7-1e5b59d45701,Andrew Rodriguez,hollyhudson@example.net,8833 Josh,+6JWIhzJ5S,0
f0f8e6dc-5c57-4e14-b8ea-cb87631680f5,Tiffany Davies,christopher42@example.net,376 Matth,@%7BJTuEJb,0
55d75f83-44a1-4267-aada-3d6b8f22099c,William Wood,paulharris@example.org,8535 West,$NQHqBC4!3,0
879bf5b3-fca3-49be-bc13-4de50eec1a61,Lisa Holmes,campbellandrew@example.com,5697 Hern,)IxuClaf*5,0
daf8855f-3cf2-4a5d-9c0c-e2318bc7ddab,Michael Hanson,paul62@example.org,467 Mille,!y1V)eGd#1,0
edd3df72-5dbe-4a5e-a5bd-b7b51cc0d2ee,Brandon Mendoza,xpayne@example.net,8462 Rich,#h3F)d@+tI,0
f8dfee43-89e5-4013-86e1-2a1ada5bc1df,Jocelyn Johnson,alex36@example.com,SNS Green,Cc)9XUMuE7,0
3572075c-f7f9-4d6a-a0e8-68089eb49f1a,Thomas Martinez,guzmanstephanie@example.org,2800 John,#AF5UlUo!!,0
cb3a9a9f-fc2f-427d-a15d-2b454f8be432,Brian Little,cobbkristen@example.com,SNS Mitch,!iY@&l7042,0
2e8f92f4-2ba9-41bd-8b48-7a033e80be57,Cheryl Delgado,sandovaltrevor@example.net,960 Greg ,v&Z1RCbC&(,0
7b1c2e89-c116-4982-959a-bebc3ff6099d,Bryan Morgan,diazmaria@example.net,33 Myers ,HUwg7Slc9_,0
33b860e1-a2eb-493d-a0d3-24d236651647,Angela Whitehead,crystal59@example.com,2953 Cynt,J*4uL$czO+,0
c7d52a60-1034-4f1c-af6a-6271ef168411,Greg Fuller,jamie01@example.com,17 Collee,j2Xyp+cN!T,0
523f840f-2c94-4b05-bb39-1d4e6adbb841,Roberta Gutierrez,jonathanhawkins@example.com,823 Mary ,@@&9x8Kqg!,0
528f6fac-de6a-40d7-a06c-ccd7158674a8,Billy Vasquez,anawebb@example.net,03 Nelson,57&Vj(dT@8,0
2777b081-7cfb-4108-a5a1-50fb3cf5a8fc,Jennifer Boyer,robertsscott@example.com,61 Frank ,Wkk)8Zhszg,0
1b7d0172-f480-4691-be81-33536d14f2dd,Robin Kemp,richardfarmer@example.org,073 Phili,@P%8Gu%tjf,0
418fa028-edce-4396-baef-0b8853961084,Amanda Nguyen,lbutler@example.net,57 Macdon,yD)NyN#n_3,0
51e0937b-0970-480d-9ec9-4c6e8446868a,Dillon Davis,christopher72@example.org,3260 Smit,@5sRn%hGH6,0
fa0e33f7-1a74-49ed-b7fb-166ffdf28156,Tara Mitchell,williamcarter@example.net,458 Josep,3HAmQF42^o,0
82a77b6a-d9dd-4e68-a600-10bca17f9108,Eric Wallace,jamesjames@example.com,"SC 7395, ",*c*42IoZmn,0
dbe2700b-49d0-4944-8a0c-bc1d1fe66f37,Eduardo Soto,robin45@example.net,861 Roy M,&7D6fJj6)g,0
5547ef6c-ea17-43d2-b08b-838c426c2f5e,Kenneth Blair,unelson@example.com,042 Wilso,zf4Vak*P)$,0
f97899ce-d77b-44c7-9bc8-814c33c2f310,Cristina Baird,nicholelewis@example.net,45 John R,_SKDb0Gw8!,0
86602149-e68b-42a1-b3a2-940eba8d6aac,Gregory Ortiz,mullendavid@example.com,4117 Eric,s#h58S#vgx,0
4696a6d1-0962-48b5-98d9-53e49239b136,Megan Webb,iallen@example.net,1438 Spea,e%30S8Vf9I,0
b07c9eab-60b7-46ca-87c4-0923f10bf20b,Brian Boyle,spenceralexander@example.com,96 Pearso,Z(mo7UrkC(,0
96a240c4-bfce-481e-90e7-d2ad8dc72c54,Stephen Morgan,wsanford@example.com,009 Casey,0i&7wGnDe*,0
e46e64bb-57dc-421c-940e-14db9cc0a036,Joshua Hudson,kaylamurray@example.org,89 Baker ,+eQGr#IH#0,0
8c27a41d-5b0f-4b20-bd06-125ff8980547,Janet Johnson,smcknight@example.org,5020 Alva,Xn4Ly7f4)9,0
8a084a55-32a8-426c-9e76-416e4ea36dac,Julia Collins,andrew74@example.com,0020 Mart,+4WLzMQvg),0
62b14834-d047-4ba5-b6fd-abeeef1cf2e5,Christina Woods,joannegentry@example.org,SNS Spenc,W!8x8PHrYd,0
0b99edc7-491d-4c7a-8b64-4099410d2389,Jonathan Gonzalez,gomezbrian@example.net,3962 Cook,+v2Ru_Ls9!,0
e9c45570-e66e-4eef-99e3-9f0d4d83a7bf,William Vaughn,vsanchez@example.org,7681 Deni,MV@06Qou$9,0
4ad10fcb-521d-45df-a6ca-c132f1af5c38,Corey Monroe,ifreeman@example.net,3235 Pars,%k+V(5k^K2,0
65816515-71d9-4ea7-844f-1e959736ddba,Autumn White,simmonsshirley@example.org,0487 Riva,b4&fBgum*3,0
69a9c2a1-a580-4626-923f-9d4c0202aea4,Eric Gibson,henryamy@example.com,905 Bradl,!&3OqOa*ut,0
a22b695c-1ab2-49e1-932f-8d27d5e7afd6,Madison Parker,pbrown@example.com,4098 Jess,h8OZ5hXo_%,0
3fc60d43-ea33-4fa0-98a6-029434ae6ea1,Taylor Chen,bakerkelly@example.com,93 Ballar,$24%#L2jFd,0
e53b1760-193b-4c97-914c-fee1a0c024d9,Rebecca Walker,davenportdaniel@example.org,39 Gregor,)*1iUerm*4,0
ed39c381-2f54-49c4-8d2b-acd43ff70975,Norma Smith,jrivera@example.net,88 Amber ,)0BuEt^p14,0
ab4dcce9-9edf-42c9-94c4-cf0396196a2f,Felicia Simpson,christianlawson@example.com,nit 4394 ,7#L1UktVWB,0
580f166c-2a9a-4b88-ba19-a77118e0b90d,John Schultz,wfleming@example.net,884 James,VuVe6A5VD+,0
7786a5f2-f0aa-442b-8245-b05ca694aa01,Corey Nelson,whitetammy@example.com,700 Helen,x1MKJ0oq_8,0
c413313b-b2b4-4a58-8366-fd143020dd6c,Gary Lucas,stephenjackson@example.org,1831 Jime,U%Z5UFffNl,0
6df8a3aa-fbad-40ad-b772-308be7becd4c,Robert Carey,ngibson@example.com,73 Gregor,@5K(oUK9yS,0
f76f34c4-be14-4d58-82fa-1dab9df7a74d,Rebecca Gomez,christopher97@example.org,95 Sulliv,*g7VIa^e@0,0
6bd29bd8-cbe2-4629-848a-b3b93d06d901,Emily Jones,jeffrey41@example.org,40 Cather,8a(G4VitR8,0
aace0dd8-fa42-46a4-8b92-7ba48989b6ff,Gregory Johnson,morganhenderson@example.com,0679 Aaro,^XRGDIyD37,0
d2a548c5-5965-4270-b2a2-5ad6d7e2a87d,Tanner Bradley,mary77@example.com,8273 Stev,v(@pLCG$_6,0
67acaf4c-d0a0-4ded-ad08-ec88c8351800,Adrian King,zlee@example.org,18 Davenp,PC7_Agwb)7,0
c5587b93-8f26-41e8-bc95-33640b0f0798,Sherri Adams,jkent@example.net,829 Perez,&I2XEqOhnz,0
a8c96e7a-5389-4899-98a2-412ee2ef5ad8,David Robinson,hweiss@example.org,19 Patric,OD7PinYxL),0
58eac470-4177-4f9a-8e5e-58e37ee0def0,Joseph Jenkins,jasmin59@example.org,74 James ,&*5Ol_$uv6,0
c0cde60a-f4c7-43d1-a994-350f8af3e93e,Miss Amber Anderson MD,zstuart@example.net,338 Melis,(vkEmos@w9,0
631783d5-1953-4040-8a94-70586cf15fdb,Alyssa Wang,clayerika@example.com,84 Jennif,%4C5Ys$plN,0
6391585e-1782-463d-a545-b15d4dffcbe8,Monique Henderson,colleenmartinez@example.net,74 Thomas,^3QwZ#35ba,0
be7b46ea-4617-45c0-a2ad-464bc3d9f655,Elizabeth Petersen,kendraschultz@example.com,6692 Aaro,ZN697Lmz*A,0
8f828a18-59b0-438a-b39d-b6fe2a7fff70,Terry Wilson,jamesdavenport@example.org,"SC 1422, ",@@a65WMefI,0
0e52399c-cc1d-494a-a9ab-a27fcdb5208d,Lisa Garner,watsonjohn@example.net,8159 Lee ,^8UpHlqbNb,0
4cf34e3f-a594-4ca5-a637-cbae13b90f44,Omar Clark,diazshawn@example.net,01 Lisa V,*6w3bfUf@T,0
1c930d39-e760-494d-80c7-3a0b6d72bf27,Devon Bailey,matthew30@example.com,834 Lori ,nWi1BI%b0_,0
8267ccf0-27de-4f9f-ae1e-417192fa47d3,Helen Gomez,collinsalexander@example.net,272 Josep,8#1WRkxy5b,0
b39860c1-2a15-4df4-9265-a7c730068250,Lindsay Robinson,alexahuber@example.net,333 Smith,IJGCNoCY(5,0
48e4d24f-d1fe-4c19-82e7-c1b3342fb4ad,Robert Avila,timothy16@example.com,04 Cooper,@D)B%k(h)9,0
1bcc1855-b3fa-474f-94dc-de6d281a2296,Kevin Foster,coopereric@example.net,00 Davis ,il6S_rkR)4,0
879d4f73-4ecd-40c4-af35-da3e2f53ad9c,John Williams,andersoncynthia@example.net,417 Guerr,+t0cFlRtr^,0
cf001766-0ee7-4ee0-826e-9a9dbd4bd573,Gabrielle Solis,felicia96@example.org,512 Scott,XG29K0Fas@,0
b90d6dc8-8951-4a0f-92b2-3212cb2f792a,Shane Pierce,fhayes@example.org,272 Thoma,z^z1Z$O3Pt,0
833ef62d-a698-428a-ba92-71c66fbac053,Eric Fowler,rebecca88@example.org,963 Campo,Zhn(7JMc@X,0
8cb22d76-d373-4a88-b492-3dfe0eaf73c9,Nathan Smith,stevenmejia@example.net,nit 9234 ,^1QOt$t+WJ,0
761631bf-4d21-4064-b194-877a87eb4c27,Maria Carlson,ttran@example.net,797 Osbor,2#8BXQzfn8,0
1fc7de41-e9d1-442b-83cd-994a50003cd2,Lisa Soto,sarahchristensen@example.org,972 Taylo,eiJpK(Gi)8,0
eabeb34f-5abd-4bcf-8f92-22baaf36e255,Walter Kelley,whitejill@example.com,nit 7153 ,+I66Fn*cEO,0
aa3fd764-af42-423d-9cab-8140f35c6734,Emily Melton,sandra21@example.org,7121 Matt,*cT^8)IlN_,0
13383c79-f786-4a6d-b0c9-8e405f807274,Leonard Montgomery,mccannwalter@example.org,7554 Ford,$k1Mar9_52,0
2e78d225-84a8-4dfc-a97a-90dd0333ae70,Barbara Reid,carolkelly@example.net,2486 Marg,M*65RHdp)l,0
35414b4c-0f02-480d-9ca2-f8206078f453,Ashley Hanson,tylerreid@example.net,nit 3869 ,+6ilOj_*5U,0
f03c0632-b004-4354-8610-8abee55ac76a,Brenda Hernandez,allencardenas@example.net,824 Smith,j^J5mHdniP,0
d6bdebb4-052a-4916-a8af-4e444a4a96e8,Kevin Sanders,wsmith@example.net,083 Mayo ,TL58Q4xm*^,0
a4881e7d-07b1-49dc-8660-e8c25b5e96f4,Julie Shields,jennifer61@example.org,952 Marti,@2PKp)lz8U,0
dcabb2ec-2bf9-4600-98c2-5dae56dd6eda,Rachel Beasley,johnhernandez@example.com,41 Benson,0&l9Afwn8o,0
947c6a45-b8ac-4d32-ae22-bc19c69703fb,Anthony Smith,denniswilson@example.org,68 Jose L,4iBmzWEo*m,0
8ef8910a-42a5-46fe-bc7b-b252ac7a233c,Sara Davis,natalie03@example.org,nit 4335 ,i6Rr#+6W#R,0
fdfb1586-4e6d-4e53-a955-eac0c40b83ca,Adam Wilson,jonesjon@example.net,9822 John,l0_s^KbU#b,0
4983379c-49be-4da3-9f8e-c7bdf7af5b95,Miguel Shaw,anthonyconner@example.net,059 Huff ,T)3EvHKR3H,0
7ba760b5-ae47-4253-a958-1d6ba759f13d,Richard Stewart,lmiller@example.com,801 Jilli,C@605KEp@y,0
b53b9e5a-fbe4-444e-ac3d-cd81770a35c9,Jamie Melendez,deborahkim@example.net,95 Harris,t3p3UMoI^Q,0
4b66bf7b-7710-4bf3-913b-a6c85a71f79f,Richard Harrison,tiffanydixon@example.org,93 Richar,Q8lsCsd2(o,0
e12f611b-abc3-4de2-95ab-7304e112c266,Jeffrey Johnson,perrydarren@example.com,123 Scott,WEl%9CzbtM,0
d1b022c8-f724-4b13-abd3-900cfe8b4aee,Alexandria Alexander,aaron28@example.com,320 Jeffr,57A(f@rQ^u,0
0007d9f9-7798-4873-95a5-0049d98edbf1,Daniel Barr,andrea45@example.com,SNV Carls,19T#WosN!S,0
5a5cd2b6-9b83-4a6b-bcd4-6dc7beefaaf7,Christopher Harrington,stevenleonard@example.com,273 Hill ,#sS_L^ma0I,0
82839331-142f-445a-bd47-cdf66b1bf0f8,Veronica Powell,kerrnicholas@example.com,76 Jenkin,YQEPjVlK%4,0
ff87f96b-ec54-4717-a62b-9b01a543e3a2,Michael Diaz,edwinbailey@example.net,09 Peters,@eJiLK6x2s,0
a612a52a-a9bd-41b9-ac36-73736aede483,Cassandra Holland,qbowman@example.com,04 Brown ,rS7_QUwfQ*,0
95098892-9d81-4dd3-a0bf-4f2adf67381c,Corey Barajas,charlesgibbs@example.net,782 Russe,t(qZ0Cwz&W,0
b35e574c-20fe-4f17-af53-59eee9220eeb,Johnny Stewart,kerrnicholas@example.net,SS Gonzal,(O7Glrqn!f,0
6eef9a39-97db-4184-9c10-456d1535c861,Taylor Nielsen,leahlopez@example.com,676 Santo,##0sZj+QE),0
b76efd06-5e4c-44eb-9d51-c15f422a5fb5,Paul Martinez,olivialane@example.org,75 Zachar,w9_P@2_J&j,0
321a58a5-4fff-4fe4-a00d-6136678bef34,Danny Pena,ujackson@example.net,18 Brian ,T5&MniKh_a,0
3ea9adb1-fb9c-4632-9dd9-1631c7bfc72f,Michelle Boyd,hmartin@example.net,783 Julie,l$)r9N(hQZ,0
3fecc185-9fcf-4591-af1d-3878658a9f95,Steven Steele,lorraine03@example.org,346 Harre,xX2V6S6lZ%,0
9b243145-e139-4e5f-a137-d240c8993f50,Theresa Wolf,jrojas@example.com,SS GillF,^7KEe7(qP6,0
5d952565-3e26-4b2e-bd04-573c9e96b257,Lisa Stevens,jennifermcdonald@example.com,7844 Jenn,iG_9Dkk(qe,0
d4a561f1-6d12-46a6-8ba4-01dc5bad39e3,William Hodges,chloe94@example.com,536 Holme,p^6BJGfY1u,0
b95b2cdb-4341-49bb-b922-fbaa1d197563,Andrew Liu,shelbywilliams@example.com,19 Willia,+9OvGpJy60,0
679d6e10-2990-41c9-abb8-9032f46692ef,Sarah Stewart,avilamonica@example.net,73 Zuniga,pl4U3xAz&3,0
70aca3d7-984b-410d-892a-ac80bf372147,Christy Alvarez,dallen@example.com,8468 Jacq,Up&I0Mtmgc,0
2d54467f-5f10-43e6-ad4e-ad12ea846a63,John Bradley,bonniezavala@example.net,717 Matth,&q5^T0wK(C,0
3d3ea92e-d3ff-4a68-ac87-73f5cc2f823d,Marcus Armstrong,tamaraclay@example.net,2430 Mark,jjd*USc^_6,0
d48dded5-b822-4a40-9552-5e3e924b7b5d,Mr. Thomas Sweeney,edward21@example.org,890 Shawn,f(It4Fcl+(,0
77248431-8bb1-41c2-bee3-c2f525238850,Rachel Adams,steven82@example.org,542 Ferna,83_8L76q&&,0
e9ee022f-2417-4d3d-813a-795b4413be21,Brenda Wells,gsandoval@example.net,2526 Kram,+!5u3STiMC,0
76966ab0-0fb8-4806-9756-c9fc481f864b,Clayton Miles,delacruzkayla@example.net,387 Laura,+XLXvBIq2$,0
9ebbf7ad-b874-449e-8f81-5dbd05133a61,Kenneth Price,bcampbell@example.net,2962 Tayl,NC4Scz1u_B,0
62e963fd-eff4-4122-9ef9-d82537a010a2,Jonathan Velez,kimyu@example.com,"SC 9184, ",2+HYP(x1_0,0
d0eb3feb-66ba-427c-afec-74aa08474976,Kelsey Weber,terranceblankenship@example.net,237 Reyes,s3XClHDD&Y,0
35298db1-0ca4-40c6-adb4-1c126b8d226c,Mark White,charles69@example.org,6350 King,(2R5CCPfy!,0
f41df1e8-ef3c-4d9f-8fc9-269488572fb8,Kevin Petty,courtney74@example.net,69 Evans ,8S$2L!Ob!3,0
46c39448-e06e-437c-b107-e86a63b7cf13,James Stanley,katrinahart@example.net,SNV Brown,5Uc1XMEd@L,0
02baecec-36d3-4e59-b987-dce586e54764,Joshua Rogers,nicoleclayton@example.org,6297 Nath,^6@5UIMtf5,0
f333f6db-2ecd-47b4-a599-0f5569ea0b4f,Karen Simpson MD,juliajoseph@example.org,760 Black,81Q%cC88#U,0
ca995cd8-e3e0-4761-abfe-966a3341c83a,Kevin Hubbard,hsmall@example.org,47 Willia,TcnLqjRl@8,0
88cd7609-6b63-49e5-90f4-6775189df668,Chad Garcia,ejackson@example.org,9966 Aime,uJY)$rgd$9,0
ee273e54-1e7b-487d-a1ba-6ce13b2e839a,Robert Ward,alexanderjohnson@example.net,097 Anna ,&32QLlK2ku,0
febaadce-15c1-4689-8407-529febba454e,Michael Reid,kevin08@example.org,34 Diaz D,Zn8Z3f*6h&,0
7bee8601-0ce0-460b-a81e-11fb80509003,Michelle Booker,john89@example.net,55 Nelson,2cjDGxNq!K,0
3b2b26c2-8592-456f-9bc7-6fda578ac852,Kenneth Hernandez,cgonzalez@example.net,SCGC Elli,lM0kSNEzR@,0
b32bf0a7-7a33-40fe-8679-43b2e72ea7aa,Mary Roberts,ramosjustin@example.com,4327 Brad,x*8iyVd(&^,0
8250f7f7-46fb-4584-8329-d0955ef07ec6,Michael Schultz,silvalisa@example.net,SNS Kraus,LGiTHO_o_7,0
b3c6c947-8cd3-435b-8f53-3771ff46d78a,Sarah Robertson,qmartin@example.com,282 Carlo,#yIRZH8my5,0
78ef0710-79f9-47eb-877d-020ec65ff082,Jonathan Anderson,jromero@example.org,440 Richa,W#N2+pHHRr,0
3a3972fd-28e9-4c5f-8312-54b0a053062d,James Wells,bellmonica@example.net,1134 Jenn,K1SCKgyM+V,0
f9c68e57-2211-4577-b648-8873c5a7dbc4,Ryan Wong,randallmegan@example.org,SNV Lara,%xZK^Tfm9f,0
e6f7e1a9-d78e-44df-bf28-11955f6e8996,Lucas Cox,michael75@example.org,5446 Glov,gDv4aZ$n_7,0
f769e41e-4da1-4158-a9b0-544bdbc21281,Nichole Fleming,joshua46@example.com,"SC 4797, ",^17&RVkjg+,0
0616e279-0b76-4f40-83ec-c1b22489b792,Maureen Johnson,christina06@example.net,nit 9919 ,mR9mX*b8^P,0
32ee4dfd-105b-46e7-90a2-8bce4f3f4933,Jason Dudley,brittney06@example.net,28 Shelto,#krJ6Cgqb7,0
a9631404-0842-40c0-bd94-d9b20078b5c4,Keith Boyd,annettelee@example.net,5628 Lind,#syXYu584u,0
4d8e1c97-a1b3-4c94-9f12-401c3692eb46,Margaret Williams,tracyjohnson@example.net,27 Moore ,e78+sYqW&*,0
cc69825a-548a-48f2-8095-93b115813dc1,Andrea Scott DVM,reidkenneth@example.net,0095 Jess,!uR#o+UQ3h,0
0e76e97e-a996-401d-8741-f0ca28c279f8,Troy Reynolds,olivia28@example.net,40 Blake ,N(B5hRb3az,0
334bdcc9-57ac-4e75-83fc-bf9e6b9b400c,David Reed,huangelijah@example.com,55 Tammy ,+9J(Whvlg7,0
25783292-d12d-4cdc-99aa-29d63e0cb916,Taylor Davis,bautistajordan@example.org,581 Camer,&^N39Nbr%B,0
aed21142-4944-4037-8a71-5bf12cd23cad,Ruben Thomas,stephanie15@example.com,6450 Torr,e$48nWPy)A,0
12b4d805-3099-4955-87fb-17be3bf7209d,Suzanne Gordon,fitzgeraldgary@example.com,3625 Butl,k3JUwj*T$a,0
8c063fcd-11bd-42ec-b88e-a57a71ed8311,Patrick Aguilar,byates@example.org,3039 Ange,^EJnRr4nC1,0
25a35379-d879-4a8c-9e33-c69bdc49b26a,Devin Ruiz,yhunt@example.com,5113 Brow,$i6UPQ2h9^,0
d6c10e00-8b4b-477f-bb90-d37f28830fd8,Jacob Watkins,johnhenderson@example.org,6448 Jaso,LMt4FgCAg&,0
c96e4fde-e2c9-467c-91bc-3322269da237,Brittany Roberts,wbarajas@example.org,42 George,_6GlYaXqs2,0
81541f40-6759-4713-a0c0-526fba5f9c7b,Misty Martinez,lalexander@example.net,86 Angela,8ilmGe_y@o,0
b8113acb-1cee-4f7f-9feb-3d581e625f51,Stephen Allen,jenniferbradley@example.com,0399 Shep,I@3)BOuk^G,0
1f7cc27c-626c-4ec1-943e-6b82249ddea0,Erik Lee,johnsonderek@example.org,997 Steve,@k_SQb3x@2,0
76895453-55ea-4707-8e85-6dbb5c225192,Aaron Leach,daniel35@example.com,1566 Brid,@31H2PsVYv,0
b8e5924b-9e61-49fe-9cd9-c718d0160441,Jordan Taylor,freemanmelissa@example.net,075 Moyer,5wfO)yXa!5,0
7937fe24-61dd-401d-b581-a68b63aa603e,Elizabeth Ward,jimmy82@example.org,509 Anton,&63Xja6e8T,0
f0709900-6a3b-4035-a2aa-6bf5e74eb8b1,Derek Hunt,amanda95@example.net,SCGC Pugh,Dr1Wm3fWv),0
0fb0bf3e-03b2-472d-8843-06ec9d33fcc0,Cassidy Powers,gibsonmegan@example.net,nit 7822 ,@1MD&cXRl9,0
3e619fbb-749a-43d3-9c32-d2b6a70fae05,Tiffany Foster,nicolepeterson@example.org,61 Christ,U_7^HQTv(g,0
f120a461-848f-4c5f-9beb-90e2b01cf8c6,John Figueroa,byoung@example.org,239 Thoma,4OoCRn2p^3,0
98edcd91-68ad-4fd4-bc4e-3d40cb663ae1,John Lyons,michaelramos@example.com,8575 Grif,M97RmZeZu&,0
144b5a63-d164-4f15-82cc-3502eec93a16,Melissa Snyder,jacobhoffman@example.org,"SC 7829, ",t%4ZF!Ifz2,0
9fe65511-3c5f-4ffc-9231-4c7d08233cc4,Jennifer Porter,williamallen@example.org,868 Paul ,_^6Xu3*F2^,0
28a8276b-621d-4e22-bfa0-5d3a64239adf,Lisa Wyatt,james95@example.com,39 Mendoz,(8PH(js620,0
3e98e900-fde6-475a-b918-72cf393c17f3,Scott Rodriguez,dakotawhitehead@example.net,156 Young,Q&L6yfQlfG,0
f2552983-e688-4105-aabc-445364a216eb,Amanda Green,reginald23@example.com,56 Jacobs,j65Si!Sv)C,0
03565c75-9558-438a-92cc-263021597c40,Travis Moss,joseph75@example.net,321 Sara ,0(WJq6xf!X,0
ecd0a01a-31a4-4b9e-a166-cf212942cefa,James Campos,marcuswhite@example.org,213 Saman,z3U(t$Vm(h,0
c6daf00a-1dec-4e5b-8f29-e921d8b3e302,Ryan Clarke,jessica20@example.org,38 Sandra,yD9IhZVk*A,0
eadad3aa-b1b9-41f4-9b59-f0ff151a5781,Karen Matthews,jared55@example.com,nit 3110 ,4cJVexHk*D,0
f98914de-d0c6-49ba-b85e-22084c7942f8,Christine Gibson,osnow@example.org,900 Jason,B1^*YKPv@(,0
7afab961-0c3d-4be8-a354-0d546cf28764,William Williams,jenningselizabeth@example.com,45 Jones ,1$V4Ok(gq_,0
8d63b6f2-9f53-4690-aff7-97eb068c775d,Mikayla Malone,heather24@example.net,29 Alicia,Dn17LYCd*n,0
806e4396-cd24-4efc-b848-db74888eccee,Karen Rich,eric66@example.com,346 Gentr,)*Fa8M!iZ5,0
3b6ef547-186a-4814-88bb-4abf5142e144,Michelle Webb,jonesbrian@example.org,69 Ashley,v2^4VuzWVP,0
f4392b95-02c1-4828-a5ad-d04a079de685,Tyler Knight,wgordon@example.com,2946 Ball,8dC790Mt*L,0
02d66518-f0db-4b3d-8178-c7cc70c7a0ea,Molly Martinez,swong@example.net,879 Warre,0XVXXutI!&,0
3befa99c-8101-4b61-8da6-04e1a3281b6d,John Roy,timothy95@example.net,15 Burton,T$zH3V4g*u,0
d18f2d03-aea5-4658-b292-dbbbb20e48f2,Joann Cross,brandall@example.com,5895 Rebe,(uTEWbK3R7,0
192332f5-ec7c-4a53-910b-deb501df62d9,Amber Wagner,gardnermarcus@example.com,6755 Paul,87115Vkp(J,0
3daf6ca1-d4d6-475e-a002-52bed1a1a933,Cathy Davis,roy54@example.com,29 Potter,mQo%!XpD@3,0
d4574e4f-4ef0-447c-99b1-3def70f10965,David Rose,jacobdavis@example.org,nit 2851 ,&^7yGS6gCp,0
f006ed19-6572-4af5-9cce-684f61364319,Lindsey Carroll,theresanelson@example.org,767 Wendy,z22RZiAn#(,0
65341a23-1077-4688-8fba-99215937c071,Anthony Graham,charlesjohnson@example.com,4844 Timo,HSPNlk7yC_,0
6afcb7ee-9e7a-4bb2-b179-29ba08cc1fb9,Linda Jennings,mlarson@example.net,801 Steve,%WucU%yr!9,0
3bf3e3f9-957d-4b9d-8173-ae85c1c2c995,Holly Bullock,sbrown@example.org,475 James,#mMb2NqPS8,0
979be5d5-3534-4546-8327-e5169f78c718,Jessica Bowman,wcruz@example.org,60 Robert,%3NKFpuO+(,0
f292e635-0491-411d-8bf1-d71a3a427a3b,Gabriela Best,sherring@example.net,327 Steel,G^E3J8DebW,0
a2d58045-d7e6-48cf-87b0-8603a2527dfd,Andrea Sanchez,jhale@example.com,8631 Will,QI9t&W4eH*,0
b5374bb7-a989-43f4-b70c-baab870466da,Dakota Peterson,brenda52@example.org,6334 Wong,1k9JYd0#_8,0
23e152b0-52aa-40ce-a357-678bacd8180f,Kristen Richard,cassandra69@example.net,3295 Shel,&$&m0Zkawm,0
42466293-e2db-4ecb-b80f-a92679f66da9,Colleen Allen,faithrobles@example.org,2710 Reil,!1ojuDE5Gn,0
28e78914-6b04-4e47-9dfd-62416f59ca6a,Linda Singh,heathjames@example.com,93 Matthe,J*1H0LpQ_%,0
e93565c0-e5b7-4ef4-8eac-ca90b93076d5,Elizabeth Sellers,stacey88@example.net,4005 Pear,*51YbmmeUZ,0
6d4958e2-ef12-4fab-ab8c-164bcbe56a54,Jeremy Robinson,harrisamy@example.org,474 Vince,V(S8BGA(wx,0
066c73a9-90c0-4930-aee9-78e3a87153d5,Lisa Gilmore,david29@example.net,7316 Cher,(6^G3P2kG9,0
45bc2534-6c1b-4292-adc0-c7e466f2518f,Tina Sanford,larsonpatrick@example.net,4203 Kath,&g5YWw5KZF,0
7ac5eecb-e6ab-47eb-8a91-e066b9490268,Robert Chandler,jillhill@example.com,39 Edward,Bs4D&@vC!2,0
c5b73f76-a14d-4ea3-9ef9-9f1a693abefd,Christopher Wright,bakerwilliam@example.net,5814 Lee ,(B2q1Qzfa7,0
08af34a5-8b26-4ae1-8ff2-b969be2a2f0e,Tina Hobbs,jacobsjustin@example.org,47 Victor,*9WMxB%WV7,0
d28e3797-a45c-46b4-8b88-af8d2a319e80,Jennifer Morris,alexanderdaniel@example.com,2973 Jime,udHs3$Yi$8,0
d24f867b-f28f-4a18-bce4-56cbc24c65c5,Chelsea Thomas,christina56@example.org,142 Cross,Ux846eYs%T,0
9b353be6-c66b-4bd2-ba98-34b0cf9f9487,Victoria Anthony,davispatrick@example.org,0377 Smit,#bB6(&Yc&8,0
f4d664e4-8a3c-4ca4-98e6-ac818afe4b97,Joseph Dawson,anthonymaxwell@example.com,72 Gonzal,d)q5JXIp_8,0
4a9b4e79-af46-4eac-9765-c762210ae94f,Lindsay Richardson,millerchristina@example.net,0003 Ryan,#UJ9s_TW7x,0
242f3903-82d3-4ab7-84ce-76219d8f360f,William Cooper,benjaminleach@example.net,1501 Hugh,!H2!VeoKT8,0
bb851c44-00ed-46a7-957b-76b9cec7e9b9,Alyssa Jackson,justin40@example.com,7444 Susa,Pl4$4I)u(8,0
10d66d16-0ff2-4b9a-8640-99f5f2fd5b57,Kimberly Smith,marilyn10@example.org,633 David,tX9Ze+Zx*D,0
41933835-87d1-46a3-a7ff-d9f45de2655f,Marissa Cross,maciaskaitlyn@example.net,nit 6670 ,_3yjKH1lRP,0
76621cec-c0b9-4ae0-bb68-ecb3acb9e7bc,Robert Jones,rhondaross@example.com,7712 Cole,*9fICnaleU,0
b397575d-c258-4997-9b30-93f8b5c19113,Kimberly Kaufman,mark33@example.com,3902 Kyle,)4KLy4v71V,0
c5957839-3370-440c-945d-fbb02a72965b,Kenneth Wilkins,tonyadiaz@example.net,2278 Lope,y&73@Dlw)w,0
01280d55-6ef7-47df-8bd8-fbb141a57940,Tiffany Hebert,patricia35@example.net,4906 Barr,n+3OAmlpL*,0
ed5db014-27e2-4f61-8600-5ab071f38c56,Bethany Hayden,dawn77@example.org,305 Joshu,)3HIdQ%KvE,0
acc635ce-01c7-4d22-ab95-bfad14b66b98,Victoria Santos,bhill@example.org,1475 Robi,$f3qAQOj@B,0
af58349c-36d9-48ed-a550-626255f2c9d8,Kim Castillo,karlagreen@example.com,"SC 7656, ",*wLTHmOG0q,0
fa1b4e4d-5e04-4a12-9a84-c98dc88dd2c9,Joshua Brown,nmorales@example.net,865 Nicol,z#t0sAqXv$,0
f99e7492-7439-4587-943f-6612e5bfc26f,Sandra Foster,sarahblack@example.net,110 Taylo,5dhh_C9*$r,0
781cc14c-b278-4be4-8a9e-f0058946a958,Angel Sheppard,anthonypeters@example.net,885 Richa,r^3BgRcDB),0
ff5fc1d4-81ba-4a32-ab45-1d3262a758c9,Kevin Ochoa,jacobstony@example.com,5992 Town,^2W$iqbc4M,0
7fbdbde0-7d5e-4564-9652-c47369146aca,Benjamin Hudson,scott31@example.net,SCGC Stou,u*82xY8u(%,0
b7c3c755-00c2-457c-b5a5-20bd5f836b08,Sharon Wade,michaelzavala@example.org,8706 Ange,(Z0Gry4$Cc,0
63454419-c996-4412-80a4-a891bc14030b,April Peterson,amandabell@example.net,67 Robert,it0TWz6o!(,0
7ce88011-6381-45e8-bb09-d3dca9ced8da,Rachael Williams,rachel94@example.org,098 Sande,W!ml7Ta1%l,0
5d0dac99-f35d-411f-8c58-a38342dc8f64,Gabriel Buck,dawnwilliams@example.com,280 Dougl,A%+0$yCfvr,0
2ebee4d3-bf1a-4b96-98e9-d78fb133cd7b,Jamie Wright,marypowell@example.net,046 Mary ,%uX3qMXs1C,0
b771ce24-e9de-4a67-87f5-b3c2b18269d4,Matthew Edwards,michaelfrancis@example.com,235 Patte,+0CFG(qeU),0
8913ce65-09f0-4304-b6dd-f057ce25aaec,Shawn Kim,kathleen72@example.net,5087 Mald,d1&6B(cA$#,0
cb4e83ba-6a3b-4c76-9f8f-29be18dc336d,Craig Moore,michael45@example.net,4637 Ross,W1*Up_tq!^,0
aba88d8c-2b1f-46e9-a51a-aa214acf1b8e,Ryan Davis,qprice@example.com,78 Dawson,uw0J2UDU)%,0
b341f675-99a6-4563-b1b5-b8a7cc10e08b,Robert Mullins,rachelwatson@example.net,4165 Vill,j$w@y9Lzot,0
fe170130-12ae-4533-9af0-5ec139dfbad8,Jeremiah Sutton,zward@example.net,9116 Kimb,#8%Qji7Tf8,0
cfa51328-b69a-49f2-b6a1-6bd9c140bf65,Heather Underwood,kenneth60@example.net,21 John F,)7GNl%)J80,0
55f2ec43-8f4d-4bae-8a09-8f965364cde6,Dustin Fisher,xkhan@example.org,SS Jensen,BO5(%6RoDU,0
4045d7d6-638d-4ec3-863b-8fdf3169d1c3,Donald Pratt,lawsontracey@example.com,08 Ashley,^3@GGxq@b&,0
0e9d144b-8f58-480c-ba7a-3d09c8b10930,Stephanie Olson,lbenson@example.com,901 Shaw ,v^8_xCb0k5,0
df846539-be06-4abc-8794-210e862905f4,Christopher Thompson,armstrongmackenzie@example.org,SS Walter,@MqbF5Ab6I,0
d2474259-dfae-49e0-ba86-1ca9d2dbbbb3,Sara Allen,pjordan@example.org,"SC 8844, ",o0j_FifJ&w,0
0433eaf1-5731-4c3a-bd9e-58e916a7b66a,Peter Clark,jjohnson@example.net,nit 2079 ,0xKYQ$Qv+J,0
c54d5630-f1da-4d47-a96b-9f4121db77d7,Martha Wright,ewingnathan@example.net,305 Bowma,63^XvNjG&O,0
cb68b76d-4c90-493a-94a9-f37ab696df4c,Mrs. Cindy Welch,xmiller@example.org,528 Debra,z8sHBZ$j+O,0
a35db037-e27f-43cf-93f7-d2c03322c153,Dylan Martin,anndonaldson@example.org,776 Krist,rD0oEoG0C$,0
8fc7c6d5-3b77-43f2-98f5-609a45b4b1ab,Anthony Jenkins,ryanreed@example.org,0448 Anne,p)4ERxFlMz,0
5ad7b731-bdc7-4397-a072-2d8401c89b89,Marvin Hubbard,mcguiredanielle@example.net,nit 5738 ,%1v$haL4wR,0
f8efcdbe-1ec9-4173-8871-f6b24ca4fb7b,Kelly Perez,igarcia@example.com,3872 Shel,(F1IsyHDh%,0
fdf6f576-746a-4d06-b25a-9d1bef4460c9,Paula White,joshuali@example.net,537 Valen,no(2LgAX9$,0
80191730-a840-44af-b544-8c07ae33aaad,Randall Flores,fgibson@example.net,250 Galle,(7Nb2SBnI5,0
8c0d5a60-0533-48d4-9d50-a748da4c313b,Sarah Rosales,carrie30@example.org,"SC 0581, ",@84MwHB$12,0
fefdedf6-df07-41e8-9d16-be4480511cf7,Stephen Lopez,popemichele@example.org,949 Murra,hj5N6GBpl$,0
fde46850-e057-4278-8aaa-a5a438942e17,James Hale,laura90@example.org,919 John ,OZ1US(Xlu$,0
07be7919-dc49-45be-800b-8e0d987aec44,Stephen Hart,smithjacob@example.com,60 Rodrig,^wRlNuMk+8,0
507aaa60-a55c-41cb-a35e-7c49c0088b64,Kevin Price,frederickharding@example.org,63 Ryan M,KkJu6GJvI(,0
708f2ec6-169f-439c-9f91-dee0ea35215d,Monica Sullivan,ewright@example.net,113 Steve,!_!u42Gjw3,0
441733e8-afb3-4b97-86d8-36f9a07f5b04,Andrew Oconnell,phillipsnancy@example.com,141 Gonza,!)^C1sH*oy,0
40c7bf60-be8b-40cc-8c57-dd30af54769e,Dr. Brian Evans,wturner@example.net,1656 Wall,7q!q3CDw5j,0
7cffd0cc-a289-46bb-af7b-c28d67a1b959,Laura Chapman,ufisher@example.net,84 Regina,&0@3pRTmch,0
971713f1-b608-4cf5-8ff3-a97428421962,Jesus Rodgers,mfrank@example.org,180 Cesar,E(u7jWHKlg,0
51338227-7567-41cd-9c93-36032188ace7,Martin Nelson,brogers@example.com,7107 Jame,Y(1HV(yBe5,0
d85fb5bb-0bfe-4e05-bf0d-617f92f27f1b,Elizabeth Thompson,scox@example.org,02 Dawn M,P+lglX8feG,0
37e4403f-d751-4280-8156-db1642ba2c69,Mark King,timothymcintosh@example.com,668 Chris,M!DcxlVy!0,0
ee6107af-e386-4a89-90a3-9219e675f2ca,Rebecca White,paul72@example.org,74 Jeremy,TOw$1NYuPS,0
98534d39-5c7b-445d-956b-9396e8b9745e,Tara Harris,gallen@example.com,176 Troy ,&14Ap2uFR@,0
19b3ebe1-6928-4ddc-acc2-477192e76bde,Charles Moss,melissa95@example.org,64 Marc G,#VHC7ZWwLq,0
a618b15c-17d1-46e2-9fd6-1d677e99a73d,Joshua Johnson,ryankemp@example.net,50 Willia,%5fB9r$M6F,0
b1f3a4db-2d53-4f7f-b34f-c0c06ae400e3,Joseph Rogers,virginiaosborn@example.com,620 Hickm,E4y!q0sn^z,0
66996ed0-c031-40d9-baee-8dae773c4732,Craig Brown,stewartsamuel@example.com,06 George,f*7MIRzIkO,0
aa4dbc1e-7af6-41be-ae3e-f71a7407afd7,Tina Rogers,robert32@example.org,2671 Ange,At7E4%Wd!4,0
717f77b1-5f92-48e8-8ef3-585a1b5ca100,Michael Rogers,blackbrandy@example.org,55 Joe Fo,!2F(Q9ey$d,0
d38ada10-df1f-4146-a8fc-17c81bfd1e02,Kim Shaw,joshua20@example.org,723 Jasmi,uFu&i5Nj0(,0
0a7878e4-ea55-4502-b1d2-7cfc2facb728,Jennifer Villanueva,david22@example.org,19 Cooper,*@Q8vJ7j!U,0
a9895496-0486-4857-9566-386bdf1acbe5,Mary Wallace,wthomas@example.com,08 Juan W,L(8IwyKmX@,0
a8cb9a0c-ccbb-4f34-9710-66970a8701d1,Jennifer Booth,matthewlewis@example.net,3956 Aman,H9k)U3Rt$l,0
10c7a47b-a8d2-4eb2-b2a1-2de4c89c7c94,Duane Walters,youngricky@example.net,431 Cheye,#6KPwm&kqU,0
84158e0b-b6e5-4d87-a685-9e9cc2db17f5,Alex Davis,michael61@example.com,05 Evan B,8XLXv&rt!K,0
cb7da17f-e18a-45c3-8f4b-c5b351d06fcd,Erica Murphy,franklinjose@example.com,502 Moral,+7$QpNrr)g,0
db2d8b70-5e84-4dee-9814-e203b0211302,Ashley Huang,onguyen@example.com,68 Richar,qu#1lAxe@W,0
bbe7ac72-e965-4c9f-82c0-0ed62c8f1448,Tyrone Wilson,jeffrey69@example.net,719 Rosar,rT1MsQMj_(,0
010f7ce0-20dd-45a0-a6e7-f61e8987931b,Casey West,joshua12@example.net,0964 Simp,G%0Lr)q_kv,0
70bb7454-3368-4a04-8687-c3a5f728e3b1,Christopher Cline,byrdjane@example.org,555 Smith,+uX7ERd8^4,0
cffa7d0f-8492-4772-997d-a6febe4bd6c9,Kenneth Pace,joshuaperry@example.net,2897 Garn,Og9K+9Wv%i,0
ac50d7e9-00fc-4784-84f3-fb770907b0f8,Daniel Garcia,rvalenzuela@example.net,00 Sharon,VteAZXD%_4,0
434e571f-2345-4683-8a15-25360cbca238,Stacey Thompson,amanda42@example.net,86 Brooks,)ERvQSXps2,0
5f8f8db2-8c94-4a36-8083-cdbd3133dbb2,Lisa Davis,gbrewer@example.org,1820 Mill,$l4eQH)23^,0
55f68d11-d737-4a39-94eb-64f2f83ad897,Michael Gomez,chrisortega@example.org,13 Lamb P,(&08wyLO5j,0
c2208ba2-cb65-4c8d-8219-eeb496671c49,Cole Gutierrez,jmccarty@example.net,9530 Cox ,^+$Od55Dr6,0
a4d3f46f-fc2c-4e67-9888-a8104f429e3e,Amy Mendoza,perkinsallison@example.com,8220 Chas,lM4Nr6wE!n,0
e11a4ca7-52cb-44c4-8d10-cb054f6b479a,Joseph Patton,jennifersmith@example.net,9559 Blac,IM3R!Uam&0,0
e3752b03-38b0-46c0-a4e0-b6fd333e02cb,Yesenia Hart,cartercandace@example.com,5331 Andr,_+#2nPPs68,0
885003a1-31cf-4cc2-ba9e-063584483ac1,David Mcintosh,kristie05@example.org,3730 Shan,)T9UCzgATB,0
a074187f-0781-4675-8df0-9ab6b0e51669,Bridget Clark,laura46@example.net,9875 Lamb,$+9n*VDqbt,0
02f40245-e875-400f-9327-ce6e60c431e1,Matthew Taylor,mlee@example.net,710 Lorra,90X*QCPt_4,0
c0f34b0f-85f2-4014-837a-43a67efd0aaf,David Martinez,reginamahoney@example.net,03 Robert,k8Aqz3^L%i,0
42a089b9-3c81-48f2-84d9-9a4c857b7977,Edward Powell,jessica08@example.net,96 Hansen,9_5XmH(zQo,0
a48c2b3c-bdf2-4f14-9a45-90412369b572,Kelli Hernandez,kennethkim@example.net,0703 Kait,%+Jw5$5jU7,0
3dcfc37e-cbac-44db-911c-ec2cbf50aae7,Jeffrey Martin,lisagreer@example.com,093 Santi,$S1RPxo#Kv,0
93d0f3b6-9e41-49a0-a986-266562dac35e,Aaron Brown,zmaynard@example.org,16 John I,g1z+Nc1Q*n,0
a4855c13-222b-4e1f-b17a-f5d388d74405,Eduardo Frank,ashleysnow@example.com,9781 Robe,3a6AQRDj*p,0
06873b94-d58b-45bb-8975-20c809034d62,Jacob Allen,zwest@example.net,5434 Chri,L(g+8vRn9l,0
f4c66bff-e47e-4ea8-804b-a34d73e3521b,Leah Murray,xgomez@example.com,80 Crawfo,6B+7GqEr*3,0
17e90f51-d6ff-4714-92b5-f76b2604bb32,Jennifer Rich,jonesashley@example.com,30 Camach,T*#YI9Mnj&,0
1e774ad9-90eb-4944-ae48-a79f896545b3,Sierra Stanton,jamesjohnson@example.org,1877 Lee ,G&j7Gtz)+g,0
7a5147f9-0e7d-464d-a4e4-1622b6ff731e,Alec Hall,michael22@example.net,232 Frank,@3EgFMtDu4,0
ed6db6f0-536e-49ef-bdd5-3208cc2598b3,Erica Vasquez,edward80@example.org,54 Barret,!BSPdeHM7@,0
017742a4-ae46-4696-afab-5119eab6fbfd,Rebecca Lopez,lisapatterson@example.com,6811 Boyd,jY4YhRpY#0,0
043d40d4-cf15-4beb-b017-345518f35897,Steven Deleon,jamesramos@example.com,19 Hamilt,$m9HXek7h#,0
0baeda1c-10a7-409e-b636-dc781ed14f3d,Deanna Lucas,jonathan91@example.net,246 Willi,j9SEN4xs@$,0
01bb895a-27a9-4946-b59d-0c29e9d1a2c6,Gregory Nielsen,brooksdavid@example.org,"SC 8788, ",i1E8za($_g,0
3775fc72-0c65-4d16-a10c-1704742b58bc,Ruth Boyer,tony02@example.com,11 Meliss,s#w0YvOviZ,0
fb87ef4f-d80d-40d3-b366-097dd2634b89,Carrie Williams,michelepitts@example.org,554 Orozc,b@9WDwiyTN,0
5da7b612-297a-4064-ae0f-292b8efd65f9,Carl Hudson,sheila00@example.net,4936 Josh,%t+IdjDnl2,0
197854c7-2893-4ce2-a3f3-088cae5aa7bb,David Shelton,marshallrobert@example.net,5680 Thom,9%BJCDWe+u,0
4c402e0e-bd57-489e-8866-d4baba7ed575,Dawn Burch,vhughes@example.com,57 Paul F,J4K7toOh)5,0
d288c39e-cf18-4e60-a2cc-97d9aea2fc4c,Tammy Mills,jlogan@example.net,"SC 6256, ",eEaQgf3c*8,0
2a8816a7-a68f-4ec8-987b-b4df20993277,Paul Roth,williamsjoshua@example.org,61 Anders,hFG6%Kj+#6,0
2cc41387-9bd0-4c56-8ab8-0659319ba3c9,Glen Hamilton,qrodriguez@example.com,75 Scott ,76Ajbt+%(q,0
f4628abb-2827-45b9-9205-acf8a35597cd,Shelley Smith,wpalmer@example.org,502 Brand,&db!^#JjP0,0
efd7ccb8-12e5-4fce-9ec5-4ca8fc334050,Joseph Murphy,martinezmonica@example.com,715 Garci,*69U$Ena_l,0
5c7fa0fb-2bf7-48f7-8c02-ead407ed7ebe,Sara Boyd,kimberly96@example.com,57 Nichol,Lt1Tpu2n*t,0
62a7c8cf-729d-42dc-838c-e2807ef89cfe,Sherry Little,cindythompson@example.org,2631 Anth,a9vOYjbx_v,0
48a4b493-7bad-4933-b56d-126c6854333f,Melissa Nelson,charles40@example.com,2566 Kell,25BKC%eo^s,0
82cd3a2a-14d1-4bb1-aec7-64c982cdb826,Michael Lawson,andrewkelly@example.com,4706 Rosa,(Ui22A!jw4,0
c97ea07a-cae3-49ce-bfef-1b68c48a3169,Maria Nguyen,muellerlaura@example.org,22 Cody R,2%87*TTqLs,0
b5857828-9a39-4eb6-8c45-e3486b21a55b,Christine Dunlap,umason@example.org,nit 5427 ,$7d_3fNjei,0
a2b7624f-b5b9-438f-b868-a80d1a1c8ddf,Candice Rivera,shawnevans@example.org,61 Lopez ,U1CWS2bc#U,0
15ce2c64-2355-45cc-a16f-0b45f10adfbe,Jeremiah Christensen MD,gwright@example.org,070 Sulli,@u8Nv%dk7O,0
5d42edfa-f3ad-484b-a725-8d3c1449545a,Daniel Gibbs,hgreen@example.org,37 Long F,H7ehWjDx^o,0
fcea90a1-64f8-40f6-876c-286f233ef743,Mark Jones,kenneth25@example.org,27 Rachel,y(9v_Wpy7B,0
d7942791-bfd1-47f5-b5e5-ae570a8a5dcc,Lee Edwards,burgessfrederick@example.org,1210 Meli,%(SRpHld1A,0
d6bae1ce-97b6-41c4-b2fa-794d7a3e3727,Nicholas Jones,dannystewart@example.net,97 Graham,5@2DNshmIv,0
1960d121-a799-44d0-9aa6-ca55ab7a9d35,Jeremy Blackburn,michelle36@example.org,513 Miche,M7^ZWz&5!l,0
9c721a3b-a4b3-434d-89c0-fba8852997cb,Jessica Smith,roseowens@example.net,04 Robins,$E5C&yvcp^,0
0e88d0ad-9c59-4733-b30d-78c17249b285,John Acosta,cjohnson@example.net,394 Conle,B@@I3bBj(2,0
ac74fcf2-6cc8-4e56-b660-91eeee0607d9,Hunter Meyer,mahoneyjennifer@example.net,24 Madiso,(8fBkvDYqw,0
56160d84-3bac-44f6-ae9c-13b58ecd6f16,Christina Baldwin,elaineclay@example.org,8121 Moor,cmT0Q@Lv_B,0
931e774f-7ac9-40db-afaf-1f74a5d97900,Emily Clark,millerkatie@example.net,13 James ,2K06ZJ5nb%,0
155f9018-d2e6-48b4-96b6-55da8ec10bd2,Laura Bailey,cathy22@example.org,29 Mccull,@$UgRE(d(1,0
9497cb1d-7fe6-403a-bc7a-68ead4b916c6,Noah Ward,wendyhernandez@example.net,"SC 3687, ",1$B+E+0l$j,0
67cbab5c-0a1a-404d-b13c-261d47180f78,Kelly Schroeder,lfernandez@example.org,51 Tran C,U#)29ZheAw,0
ae56ee7b-56ef-47b9-8c65-87c5e4411102,Heather Ward,spitts@example.net,1446 Joce,!R4YyOHaF8,0
3469b927-d40c-4e36-a22c-5b054c46a9e0,Martin Parker,wwatson@example.org,36 Jeremi,uBlDIo^a#6,0
2e4da882-9c20-433d-9b82-52099d1d32fe,Natasha Green,vlewis@example.net,1426 Anne,J7X0!aUos*,0
93f25024-a302-4749-b538-0528b17a8d63,Sue Russell,thomaskathryn@example.com,88 Cooper,7HjuLMbg*Z,0
2419e0af-370f-488f-9c6e-c1ac28a1a785,Karla Hamilton,davidmiller@example.org,5626 Glor,nu7AWtKb#$,0
1a85570e-ba85-4573-8421-128ec6b3c4ce,Sean Snyder,preid@example.org,96 Watkin,jcN0Tq(Db+,0
096d0310-1315-4461-8f3f-d2d9fce153b6,Anthony Deleon,sanchezandrew@example.com,SCGC Myer,@2Jhzu8uXP,0
615613bc-6639-48db-a109-1fc825df54a2,Lindsey Robinson,shawnsantos@example.com,83 Campos,&NOgjkYx%5,0
31b17a61-8cf5-48fc-93b7-c756d7a2796b,Sarah Reynolds,matthew64@example.net,"SC 0478, ",!QI$1LgR0*,0
daf2769f-01de-493b-b72f-278e6ffc4fee,Sarah Silva,lori65@example.net,87 Ramire,Sb3jDvswz#,0
020d6797-a378-4b88-a934-f1eb172e4ac6,Johnny Abbott,michelle97@example.org,3500 Hann,7$Z*Hav8_&,0
05f857fb-cba8-4145-8825-8799cfc6132a,Phyllis Rich,carlos32@example.com,834 Terry,r2L_TrGM@6,0
2529ef93-f1fc-4f4c-ba05-59aaf0c7a45d,Patrick Kent,jamesgill@example.com,451 Chris,Y5BFywz$%j,0
418227df-16b2-4019-8936-7957083fb85b,Sandy Lewis,cassandra54@example.com,4870 Ange,QAm8T5Uq%4,0
baef6a3c-71be-4a99-ae4e-2638678d9174,Kara Andersen,bowensheila@example.org,031 Ross ,tTywT6Bm^#,0
dabbd6f8-6668-4fc6-bd17-a3eca7dc597a,Andrew Mendez,sarah05@example.net,385 Walsh,S#)f6ZgjFT,0
6f1e0cb7-2cd2-4bc6-8e1a-72fbce35640c,Karen Gallegos,coffeyscott@example.com,679 Cobb ,86RHtBAB&i,0
4c3cca7f-71a9-40e9-85b1-c7979bfd50e9,Kathleen Gilbert DVM,chapmanfelicia@example.com,30 Davis ,P%U4$K^vpv,0
133428ea-85d8-451a-ba11-db82c2d2fb0d,Melissa Robinson,sharon17@example.com,4287 Gamb,%X0@QvcjMm,0
78ad42ab-ee19-45e4-9cf4-95be784ca96e,Scott Stafford,tranthomas@example.net,01 Mariss,*5Z6EbgG7m,0
547ce248-1c16-4624-938e-8214ad7cb126,Dana Russell,justinpacheco@example.net,06 Diaz H,%Luid6Yg@X,0
db25d3f6-2078-4af5-877f-f770926c0095,Carla White,daniel35@example.com,66 Long P,*9ALfXOKoI,0
f5e71ffa-3190-4879-9045-57953d028797,Emily Spencer,zryan@example.org,58 Amanda,a#9t7EKwmP,0
7d463cb9-5f9a-4b05-9a34-1c7441f5fcf6,Angela Wright,pameladay@example.net,7021 Walk,^Jn2uoCgaZ,0
7fd422b7-de6a-40ff-81c6-842526640570,Beth Webb,garciathomas@example.com,15 Erin M,iAz(5AbylY,0
ed8bf96a-3d8c-4129-902f-50abd332b722,Michelle Garrison,michelle34@example.org,108 Thomp,$6iNmcMaW+,0
4a86f71b-7c63-47e2-bbb6-64ef516d4bee,Casey Williams,gary70@example.net,24 Hender,#uAREgXZ4z,0
67ad49a7-c209-430c-af2e-c1a2ea714eaa,Victoria Jones,joeldixon@example.com,632 Bonni,c7o33PbH(K,0
ef7c9676-5c09-40dc-b8c0-253bfdb8e896,Natalie Parker,rsmith@example.org,623 Vance,eq(HAa4B^3,0
86d521d8-048f-4c7c-99f8-3ba791202bef,Kelli Price,russellkyle@example.net,604 Britt,YyC2Qy(3^&,0
77ad30c6-aeb0-406e-a3e0-b73ff02c8c84,Andre Hebert,hsilva@example.org,585 Marga,By6XTxiF(b,0
510253dd-0139-4b5a-82f1-19d193ec4f47,Andrea Clark,bbailey@example.net,1500 Cald,5*dCRcQf(X,0
8162f33c-74c5-4fe5-b73e-33cebd3451dc,Richard Singh,jhuffman@example.com,145 Hall ,!H9Gmr6qP*,0
cf23a4d9-3877-4737-8414-4dc6ad0471fb,Jennifer Harvey,cynthiaspencer@example.com,4438 Kris,^312N2Md@r,0
3e3e6272-404a-4ad8-94c0-e7d3f9512c19,Patricia Olsen,erictodd@example.com,602 John ,$^Jtbp@Q3F,0
4ec8ecfd-c1ed-470b-b5bb-0be49a8208b7,Brooke Gilmore,ijoseph@example.net,42 Russel,V%3IJrZxGy,0
d3521283-dc0f-4550-a67f-0f36a300edbb,Leah Patterson,kristinstone@example.com,nit 3358 ,M*5GiguwxN,0
188973d6-e2bf-4eef-9d83-e96e617a3341,William Elliott,michael45@example.org,57 Thomas,*OH%GPoT68,0
903e1310-8a11-4f74-835c-d342078de571,Oscar Kelly,hallpatrick@example.com,64 Clark ,%Lzb#7ty$5,0
c8f3869d-03ab-442c-8a90-d7c9117b5eac,Richard Giles,shawn01@example.net,702 Gay M,xn1pZkd2#(,0
ac8ea94f-5255-4728-9bf5-f5632396aacd,Elizabeth Gonzalez,taylorlutz@example.com,68 Mann I,guW2P)k^5&,0
16ec3cb0-f29e-4310-a66a-3303df0a2e42,Anthony Hall,rhernandez@example.org,64 Doroth,8%2X&MblAx,0
1dac5674-07f8-4df5-8c6a-36afed092ba9,Emily Ramirez,qscott@example.org,SCGC Cham,SkG5Rxcfy!,0
4878cd96-dadb-4e5f-a58d-6add449a8a4b,Michael Morales,thall@example.com,663 Cynth,4oWCe&P)@r,0
f3a4d47e-1a2e-460c-bd7b-a938219f4dc7,Michelle Barber,janice93@example.net,0276 Mart,pFZZ01vO*0,0
26f1ca70-3855-4ad3-bfcd-b627e008ba82,Taylor Graves,alexanderchristian@example.com,310 Suzan,*h)GQ1N1v3,0
7ae23e35-599c-4723-ad2f-560cda457ac1,Amber Leblanc,brenda87@example.net,03 Sabrin,j#W72lRkDu,0
0720e6ef-fbb8-4ef0-8b40-f6af3b67fe8f,Jennifer Taylor,walshjimmy@example.org,8694 Mich,pv(7$OdppF,0
48721497-422c-4a23-a1ee-19be52eff831,Barbara Weiss,williamsmichael@example.net,358 Monic,YuCkoyLY(9,0
fcf9c88d-9068-4995-b905-22923da42b53,Jeanne Oneill,lisamitchell@example.org,3948 Juan,X18YEu!v*l,0
da1ef6ea-cc09-44b4-9aae-59c9258c0a34,Dana Williams,danielhickman@example.org,471 Pears,j$LL0MTkcc,0
179e785e-57e3-44d0-bfcf-68331cc6ed11,Kayla Caldwell,laurabaldwin@example.org,295 Webb ,7YS%*Idr#*,0
c94fbc8a-7115-438d-ae61-0f6d8f1d01eb,Ahmad Abbas,ahmad@abbas.net,Ram allah,123123,True
7418ef94-ba65-448b-9ee0-b074ea2e2a45,Abbas,abbas.net,,123123,True
